round,slice,frame,object_ref,cell,what,why,severity,owner,rule_id,evidence,action,rules_version,note
calib,C0,adasind_019560.jpg,L3,na,SPURIOUS,,,,,,,,
calib,C0,adasind_019560.jpg,L4,na,SPURIOUS,,,,,,,,
calib,C0,adasind_019560.jpg,L6,na,SPURIOUS,,,,,,,,
calib,C0,adasind_019560.jpg,L7+R3,na,WRONG_CLASS,,,,,,,,
calib,C0,adasind_019560.jpg,R5,na,MISSING,,,,,,,,
r2_qa,B1-dense,adasind_001320.jpg,L4,L_only,K12_GROUP_MISSING,,,,R02,submission/r2_qa/qa_overlay.html;submission/r1_craft/annotations.xml,,v1.0.0,Truck co ca bounding box va polygon; ca hai shape chua co group_id chung. Can xac minh ghep nhom Box-Polygon K12 khi phan xu P4. Khong phai loi thieu rectangle.
r1_craft,B1-dense,adasind_012570.jpg,L1,na,SPURIOUS,,,,,,,,
r1_craft,B1-dense,adasind_012570.jpg,L8+R9,na,BOX_GEOMETRY,,,,,,,,
r1_craft,B1-dense,adasind_012570.jpg,L11,na,SPURIOUS,,,,,,,,
r3_diag,B1-dense,adasind_001320.jpg,L3+R6,LR_noM,MISSING,,,,,,,,
r3_diag,B1-dense,adasind_001320.jpg,L1+R3,LR_noM,MISSING,,,,,,,,
r3_diag,B1-dense,adasind_001320.jpg,L2+R5,LR_noM,MISSING,,,,,,,,
r3_diag,B1-dense,adasind_001320.jpg,M3,M_only,SPURIOUS,,,,,,,,
r3_diag,B1-dense,adasind_001320.jpg,M5,M_only,SPURIOUS,,,,,,,,
r3_diag,B1-dense,adasind_001320.jpg,M6,M_only,SPURIOUS,,,,,,,,
r3_diag,B1-dense,adasind_012570.jpg,L2+R4,LR_noM,MISSING,,,,,,,,
r3_diag,B1-dense,adasind_012570.jpg,L3+R6,LR_noM,MISSING,,,,,,,,
r3_diag,B1-dense,adasind_012570.jpg,L1,L_only,SPURIOUS,,,,,,,,
r3_diag,B1-dense,adasind_012570.jpg,L8+M12,LM_noR,SPURIOUS,,,,,,,,
r3_diag,B1-dense,adasind_012570.jpg,L11,L_only,SPURIOUS,,,,,,,,
r3_diag,B1-dense,adasind_012570.jpg,R9+M13,RM_noL,MISSING,,,,,,,,
r3_diag,B1-dense,adasind_012570.jpg,M7,M_only,SPURIOUS,,,,,,,,
r3_diag,B1-dense,adasind_012570.jpg,M8,M_only,SPURIOUS,,,,,,,,
r3_diag,B1-dense,adasind_012570.jpg,M10,M_only,SPURIOUS,,,,,,,,
r3_diag,B1-dense,adasind_012570.jpg,M11,M_only,SPURIOUS,,,,,,,,
r3_diag,B1-dense,adasind_036720.jpg,L4+R1,LR_noM,MISSING,,,,,,,,
r3_diag,B1-dense,adasind_036720.jpg,L3+R3,LR_noM,MISSING,,,,,,,,
r3_diag,B1-dense,adasind_036720.jpg,L1+R4,LR_noM,MISSING,,,,,,,,
r3_diag,B1-dense,adasind_036720.jpg,M1,M_only,SPURIOUS,,,,,,,,
r3_diag,B1-dense,adasind_036720.jpg,M2,M_only,SPURIOUS,,,,,,,,
r3_diag,B1-dense,adasind_036720.jpg,M4,M_only,SPURIOUS,,,,,,,,
r3_diag,B1-dense,adasind_036720.jpg,M6,M_only,SPURIOUS,,,,,,,,
