frame,type,left,reference,left_label,reference_label,iou
adasind_001320.jpg,mismatching_attributes,3,6,ThreeWheeler,ThreeWheeler,1.000
adasind_001320.jpg,mismatching_attributes,1,3,ThreeWheeler,ThreeWheeler,0.915
adasind_001320.jpg,mismatching_attributes,5,4,Pedestrian,Pedestrian,0.810
adasind_012570.jpg,mismatching_attributes,9,7,Car,Car,0.686
adasind_012570.jpg,extra_annotation,1,,Bike,,N/A
adasind_012570.jpg,extra_annotation,8,,Bike,,N/A
adasind_012570.jpg,extra_annotation,11,,Car,,N/A
adasind_012570.jpg,missing_annotation,,9,,Bike,N/A
adasind_036720.jpg,mismatching_attributes,4,1,ThreeWheeler,ThreeWheeler,0.882
adasind_036720.jpg,mismatching_attributes,1,4,Bike,Bike,0.847
